INSERT INTO manufacturors (id,name_) VALUES
  (1,'amd'),
  (2,'intel'),
  (3,'nvidia');
INSERT INTO gpus(id,model,ram,clock,cuda_cores,manufacturor_id,class_) VALUES
  (1,'gtx 1050',2048,1506,384,3,6),
  (2,'gtx 1050',2048,1455,640,3,8),
  (3,'gtx 1060',5120,1709,1280,3,9),
  (4,'gtx 1070',8192,1683,1920,3,10),
  (5,'gtx 1080',8192,1733,2560,3,10),
  (6,'rx 560',2048,1275,1024,1,9),
  (7,'rx 570',4096,1244,2048,1,10),
  (8,'rx 580',8192,1340,2304,1,10),
  (9,'rx Vega 11',4096,1190,1536,1,8),
  (10,'rx Vega 8',4096,1011,1280,1,6),
  (11,'rx Vega 64 Air',8192,1546,4096,1,10),
  (12,'Intel HD Graphics 4000',1720,1150,16,2,2),
  (13,'Intel HD Graphics 4600',1720,1250,20,2,2),
  (14,'Intel HD Graphics 510',1720,1050,12,2,2),
  (15,'Intel HD Graphics 610',1700,1050,192,3,2);


INSERT INTO cpus(id,model,cache_,clock,cores,manufacturor_id,class_) VALUES
  (1,'Celeron G4920',2,3.2,2,2,6),
  (2,'Core i3-6320',4,3.9,2,2,8),
  (3,'Core i3-7350K',4,4.20,2,2,9),
  (4,'Core i3-8350K',6,4.00,4,2,9),
  (5,'Core i5-5675R',4,3.1,4,2,9),
  (6,'Core i5-6600K',6,3.5,4,2,9),
  (7,'Core i5-7640X',6,4.0,4,2,10),
  (8,'Core i5-8600K',9,3.6,6,2,10),
  (9,'Core I7-5775R',6,3.3,4,2,10),
  (10,'Core i7-6700K',8,4.0,4,2,10),
  (11,'Core i7-7700K',8,4.2,4,2,10),
  (12,'Core i7-8700K',12,3.7,6,2,10),
  (13,'Core i9-7900X',13.75,3.3,10,2,10),
  (24,'Pentium G4620',3,3.7,2,2,7),
  (25,'Xeon E3-1245 v5',8,3.5,4,2,9),
  (14,'APU A10-7890K',4,4.1,4,1,7),
  (15,'APU A8-7500',4,3,4,1,7),
  (16,'Athlon X4 880K',4,4,4,1,7),
  (17,'Ryzen R3 1300X',8,3.5,4,1,9),
  (18,'Ryzen 3 2200GE',4,3.2,4,1,9),
  (19,'Ryzen R5 1600X',16,3.6,6,1,10),
  (20,'Ryzen 5 2600X',16,4.0,6,1,10),
  (21,'Ryzen R7 1800X',16,4,8,1,10),
  (22,'Ryzen 7 2700',16,4.1,8,1,10),
  (23,'Ryzen R9 1900X',16,4,8,1,10);



INSERT into games(id,name_,mgc,rgc,mcc,rcc,mr,rr) VALUES
  (1,'GTA V',8,9,9,9,1024,2048),
  (2,'Civilization VI',8,9,9,9,1024,2048)